DISTRICT,AREA (ha.) Final estimate,AREA (ha.) Revised final estimate,AREA (ha.) Average last 5 yrs. Yr ending,AREA IRRIGATED(ha.),PRODUCTION (MT) Final estimate,PRODUCTION (MT) Revised final estimate,PRODUCTION (MT) Average last 5 yrs. Yr ending,yield,YIELD (Kg/ha.) Revised final estimate,YIELD (Kg/ha.) Average last 5 yrs. Yr ending,pincode
Jaipur,136277,145817,145603,135480,529647,559695,546629,3887,3838,3754,302001
JAIPUR REGION,289109,333182,340296,287626,1142152,1295701,1293845,3951,3889,3802,302002
JAIPUR REGION,289109,333182,340296,287626,1142152,1295701,1293845,3951,3889,3802,302003
JAIPUR REGION,289109,333182,340296,287626,1142152,1295701,1293845,3951,3889,3802,302004
JAIPUR REGION,289109,333182,340296,287626,1142152,1295701,1293845,3951,3889,3802,302005
JAIPUR REGION,289109,333182,340296,287626,1142152,1295701,1293845,3951,3889,3802,302006
JAIPUR REGION,289109,333182,340296,287626,1142152,1295701,1293845,3951,3889,3802,302007
JAIPUR REGION,289109,333182,340296,287626,1142152,1295701,1293845,3951,3889,3802,302008
JAIPUR REGION,289109,333182,340296,287626,1142152,1295701,1293845,3951,3889,3802,302009
JAIPUR REGION,289109,333182,340296,287626,1142152,1295701,1293845,3951,3889,3802,302010
JAIPUR REGION,289109,333182,340296,287626,1142152,1295701,1293845,3951,3889,3802,302011
JAIPUR REGION,289109,333182,340296,287626,1142152,1295701,1293845,3951,3889,3802,302012
JAIPUR REGION,289109,333182,340296,287626,1142152,1295701,1293845,3951,3889,3802,302013
JAIPUR REGION,289109,333182,340296,287626,1142152,1295701,1293845,3951,3889,3802,302014
JAIPUR REGION,289109,333182,340296,287626,1142152,1295701,1293845,3951,3889,3802,302015
JAIPUR REGION,289109,333182,340296,287626,1142152,1295701,1293845,3951,3889,3802,302016
JAIPUR REGION,289109,333182,340296,287626,1142152,1295701,1293845,3951,3889,3802,302017
JAIPUR REGION,289109,333182,340296,287626,1142152,1295701,1293845,3951,3889,3802,302018
JAIPUR REGION,289109,333182,340296,287626,1142152,1295701,1293845,3951,3889,3802,302019
JAIPUR REGION,289109,333182,340296,287626,1142152,1295701,1293845,3951,3889,3802,302020
JAIPUR REGION,289109,333182,340296,287626,1142152,1295701,1293845,3951,3889,3802,302021
JAIPUR REGION,289109,333182,340296,287626,1142152,1295701,1293845,3951,3889,3802,302022
JAIPUR REGION,289109,333182,340296,287626,1142152,1295701,1293845,3951,3889,3802,302023
JAIPUR REGION,289109,333182,340296,287626,1142152,1295701,1293845,3951,3889,3802,302024
JAIPUR REGION,289109,333182,340296,287626,1142152,1295701,1293845,3951,3889,3802,302025
JAIPUR REGION,289109,333182,340296,287626,1142152,1295701,1293845,3951,3889,3802,302026
JAIPUR REGION,289109,333182,340296,287626,1142152,1295701,1293845,3951,3889,3802,302027
JAIPUR REGION,289109,333182,340296,287626,1142152,1295701,1293845,3951,3889,3802,302028
JAIPUR REGION,289109,333182,340296,287626,1142152,1295701,1293845,3951,3889,3802,302029
JAIPUR REGION,289109,333182,340296,287626,1142152,1295701,1293845,3951,3889,3802,302030
JAIPUR REGION,289109,333182,340296,287626,1142152,1295701,1293845,3951,3889,3802,302031
JAIPUR REGION,289109,333182,340296,287626,1142152,1295701,1293845,3951,3889,3802,302032
JAIPUR REGION,289109,333182,340296,287626,1142152,1295701,1293845,3951,3889,3802,302033
JAIPUR REGION,289109,333182,340296,287626,1142152,1295701,1293845,3951,3889,3802,302034
JAIPUR REGION,289109,333182,340296,287626,1142152,1295701,1293845,3951,3889,3802,302035
JAIPUR REGION,289109,333182,340296,287626,1142152,1295701,1293845,3951,3889,3802,302036
JAIPUR REGION,289109,333182,340296,287626,1142152,1295701,1293845,3951,3889,3802,302039
JAIPUR REGION,289109,333182,340296,287626,1142152,1295701,1293845,3951,3889,3802,302040
JAIPUR REGION,289109,333182,340296,287626,1142152,1295701,1293845,3951,3889,3802,302043
JAIPUR REGION,289109,333182,340296,287626,1142152,1295701,1293845,3951,3889,3802,302049
JAIPUR REGION,289109,333182,340296,287626,1142152,1295701,1293845,3951,3889,3802,302931
JAIPUR REGION,289109,333182,340296,287626,1142152,1295701,1293845,3951,3889,3802,303001
JAIPUR REGION,289109,333182,340296,287626,1142152,1295701,1293845,3951,3889,3802,303012
JAIPUR REGION,289109,333182,340296,287626,1142152,1295701,1293845,3951,3889,3802,303017
JAIPUR REGION,289109,333182,340296,287626,1142152,1295701,1293845,3951,3889,3802,303031
JAIPUR REGION,289109,333182,340296,287626,1142152,1295701,1293845,3951,3889,3802,303033
JAIPUR REGION,289109,333182,340296,287626,1142152,1295701,1293845,3951,3889,3802,303101
JAIPUR REGION,289109,333182,340296,287626,1142152,1295701,1293845,3951,3889,3802,303801
JAIPUR REGION,289109,333182,340296,287626,1142152,1295701,1293845,3951,3889,3802,303902
JAIPUR REGION,289109,333182,340296,287626,1142152,1295701,1293845,3951,3889,3802,303905
JAIPUR REGION,289109,333182,340296,287626,1142152,1295701,1293845,3951,3889,3802,303906
JAIPUR REGION,289109,333182,340296,287626,1142152,1295701,1293845,3951,3889,3802,333012
Dausa,68201,92650,91258,68192,310543,401721,383197,4553,4336,4199,303303
Tonk,37868,44797,51991,37806,146861,159378,187329,3878,3558,3603,304001
Sikar,79723,84457,86122,79723,287585,283246,303973,3607,3354,3530,332001
Jhunjhunu,74091,74756,79945,74090,289537,284517,320631,3908,3806,4011,333026
Nagaur,45158,57417,59088,43897,130130,163507,161643,2882,2848,2736,341001
SIKAR REGION,198972,216630,225155,197710,707252,731270,786247,3555,3376,3492,332402
SIKAR REGION,198972,216630,225155,197710,707252,731270,786247,3555,3376,3492,332602
SIKAR REGION,198972,216630,225155,197710,707252,731270,786247,3555,3376,3492,332701
SIKAR REGION,198972,216630,225155,197710,707252,731270,786247,3555,3376,3492,332605
SIKAR REGION,198972,216630,225155,197710,707252,731270,786247,3555,3376,3492,332705
SIKAR REGION,198972,216630,225155,197710,707252,731270,786247,3555,3376,3492,332604
SIKAR REGION,198972,216630,225155,197710,707252,731270,786247,3555,3376,3492,332702
SIKAR REGION,198972,216630,225155,197710,707252,731270,786247,3555,3376,3492,332606
SIKAR REGION,198972,216630,225155,197710,707252,731270,786247,3555,3376,3492,332706
SIKAR REGION,198972,216630,225155,197710,707252,731270,786247,3555,3376,3492,332403
SIKAR REGION,198972,216630,225155,197710,707252,731270,786247,3555,3376,3492,332603
SIKAR REGION,198972,216630,225155,197710,707252,731270,786247,3555,3376,3492,332703
SIKAR REGION,198972,216630,225155,197710,707252,731270,786247,3555,3376,3492,332711
SIKAR REGION,198972,216630,225155,197710,707252,731270,786247,3555,3376,3492,332302
SIKAR REGION,198972,216630,225155,197710,707252,731270,786247,3555,3376,3492,332303
SIKAR REGION,198972,216630,225155,197710,707252,731270,786247,3555,3376,3492,332712
SIKAR REGION,198972,216630,225155,197710,707252,731270,786247,3555,3376,3492,332304
SIKAR REGION,198972,216630,225155,197710,707252,731270,786247,3555,3376,3492,332306
SIKAR REGION,198972,216630,225155,197710,707252,731270,786247,3555,3376,3492,332002
SIKAR REGION,198972,216630,225155,197710,707252,731270,786247,3555,3376,3492,332003
SIKAR REGION,198972,216630,225155,197710,707252,731270,786247,3555,3376,3492,332307
SIKAR REGION,198972,216630,225155,197710,707252,731270,786247,3555,3376,3492,332004
SIKAR REGION,198972,216630,225155,197710,707252,731270,786247,3555,3376,3492,332005
SIKAR REGION,198972,216630,225155,197710,707252,731270,786247,3555,3376,3492,332006
SIKAR REGION,198972,216630,225155,197710,707252,731270,786247,3555,3376,3492,332007
SIKAR REGION,198972,216630,225155,197710,707252,731270,786247,3555,3376,3492,332401
SIKAR REGION,198972,216630,225155,197710,707252,731270,786247,3555,3376,3492,332008
SIKAR REGION,198972,216630,225155,197710,707252,731270,786247,3555,3376,3492,332024
SIKAR REGION,198972,216630,225155,197710,707252,731270,786247,3555,3376,3492,332404
SIKAR REGION,198972,216630,225155,197710,707252,731270,786247,3555,3376,3492,332025
SIKAR REGION,198972,216630,225155,197710,707252,731270,786247,3555,3376,3492,332405
SIKAR REGION,198972,216630,225155,197710,707252,731270,786247,3555,3376,3492,332026
SIKAR REGION,198972,216630,225155,197710,707252,731270,786247,3555,3376,3492,332713
SIKAR REGION,198972,216630,225155,197710,707252,731270,786247,3555,3376,3492,332406
SIKAR REGION,198972,216630,225155,197710,707252,731270,786247,3555,3376,3492,332027
SIKAR REGION,198972,216630,225155,197710,707252,731270,786247,3555,3376,3492,332028
SIKAR REGION,198972,216630,225155,197710,707252,731270,786247,3555,3376,3492,332029
SIKAR REGION,198972,216630,225155,197710,707252,731270,786247,3555,3376,3492,332308
SIKAR REGION,198972,216630,225155,197710,707252,731270,786247,3555,3376,3492,332030
SIKAR REGION,198972,216630,225155,197710,707252,731270,786247,3555,3376,3492,332714
SIKAR REGION,198972,216630,225155,197710,707252,731270,786247,3555,3376,3492,332407
SIKAR REGION,198972,216630,225155,197710,707252,731270,786247,3555,3376,3492,332031
SIKAR REGION,198972,216630,225155,197710,707252,731270,786247,3555,3376,3492,332032
SIKAR REGION,198972,216630,225155,197710,707252,731270,786247,3555,3376,3492,332033
SIKAR REGION,198972,216630,225155,197710,707252,731270,786247,3555,3376,3492,332715
SIKAR REGION,198972,216630,225155,197710,707252,731270,786247,3555,3376,3492,332716
SIKAR REGION,198972,216630,225155,197710,707252,731270,786247,3555,3376,3492,332034
SIKAR REGION,198972,216630,225155,197710,707252,731270,786247,3555,3376,3492,332035
SIKAR REGION,198972,216630,225155,197710,707252,731270,786247,3555,3376,3492,332309
SIKAR REGION,198972,216630,225155,197710,707252,731270,786247,3555,3376,3492,332036
SIKAR REGION,198972,216630,225155,197710,707252,731270,786247,3555,3376,3492,332037
SIKAR REGION,198972,216630,225155,197710,707252,731270,786247,3555,3376,3492,332717
SIKAR REGION,198972,216630,225155,197710,707252,731270,786247,3555,3376,3492,332310
SIKAR REGION,198972,216630,225155,197710,707252,731270,786247,3555,3376,3492,332311
SIKAR REGION,198972,216630,225155,197710,707252,731270,786247,3555,3376,3492,332038
SIKAR REGION,198972,216630,225155,197710,707252,731270,786247,3555,3376,3492,332039
SIKAR REGION,198972,216630,225155,197710,707252,731270,786247,3555,3376,3492,332040
SIKAR REGION,198972,216630,225155,197710,707252,731270,786247,3555,3376,3492,332041
SIKAR REGION,198972,216630,225155,197710,707252,731270,786247,3555,3376,3492,332719
SIKAR REGION,198972,216630,225155,197710,707252,731270,786247,3555,3376,3492,332042
SIKAR REGION,198972,216630,225155,197710,707252,731270,786247,3555,3376,3492,332043
SIKAR REGION,198972,216630,225155,197710,707252,731270,786247,3555,3376,3492,332044
SIKAR REGION,198972,216630,225155,197710,707252,731270,786247,3555,3376,3492,332720
SIKAR REGION,198972,216630,225155,197710,707252,731270,786247,3555,3376,3492,332045
SIKAR REGION,198972,216630,225155,197710,707252,731270,786247,3555,3376,3492,332721
SIKAR REGION,198972,216630,225155,197710,707252,731270,786247,3555,3376,3492,332046
SIKAR REGION,198972,216630,225155,197710,707252,731270,786247,3555,3376,3492,332722
SIKAR REGION,198972,216630,225155,197710,707252,731270,786247,3555,3376,3492,332001
SIKAR REGION,198972,216630,225155,197710,707252,731270,786247,3555,3376,3492,332009
SIKAR REGION,198972,216630,225155,197710,707252,731270,786247,3555,3376,3492,332601
SIKAR REGION,198972,216630,225155,197710,707252,731270,786247,3555,3376,3492,332723
SIKAR REGION,198972,216630,225155,197710,707252,731270,786247,3555,3376,3492,332047
SIKAR REGION,198972,216630,225155,197710,707252,731270,786247,3555,3376,3492,332048
SIKAR REGION,198972,216630,225155,197710,707252,731270,786247,3555,3376,3492,332049
SIKAR REGION,198972,216630,225155,197710,707252,731270,786247,3555,3376,3492,332050
SIKAR REGION,198972,216630,225155,197710,707252,731270,786247,3555,3376,3492,332724
SIKAR REGION,198972,216630,225155,197710,707252,731270,786247,3555,3376,3492,332051
Alwar,144470,201390,199065,144469,699995,977129,894951,4845,4852,4496,301001
Bharatpur,90585,134130,143420,90583,418130,631782,642200,4616,4710,4478,321001
Dholpur,42664,57673,61358,41694,201978,265871,274096,4734,4610,4467,328001
S.Madhopur,62570,70357,72816,62548,264839,294039,303882,4233,4179,4173,322001
Karoli,65602,80136,79353,65430,291072,337280,335894,4437,4209,4233,303110
BHARATPUR REGION,405891,543686,556012,404724,1876014,2506101,2451023,4622,4609,4408,321001
BHARATPUR REGION,405891,543686,556012,404724,1876014,2506101,2451023,4622,4609,4408,321002
BHARATPUR REGION,405891,543686,556012,404724,1876014,2506101,2451023,4622,4609,4408,321003
BHARATPUR REGION,405891,543686,556012,404724,1876014,2506101,2451023,4622,4609,4408,321004
BHARATPUR REGION,405891,543686,556012,404724,1876014,2506101,2451023,4622,4609,4408,321005
BHARATPUR REGION,405891,543686,556012,404724,1876014,2506101,2451023,4622,4609,4408,321006
BHARATPUR REGION,405891,543686,556012,404724,1876014,2506101,2451023,4622,4609,4408,321007
BHARATPUR REGION,405891,543686,556012,404724,1876014,2506101,2451023,4622,4609,4408,321008
BHARATPUR REGION,405891,543686,556012,404724,1876014,2506101,2451023,4622,4609,4408,321009
BHARATPUR REGION,405891,543686,556012,404724,1876014,2506101,2451023,4622,4609,4408,321010
BHARATPUR REGION,405891,543686,556012,404724,1876014,2506101,2451023,4622,4609,4408,321011
BHARATPUR REGION,405891,543686,556012,404724,1876014,2506101,2451023,4622,4609,4408,321012
BHARATPUR REGION,405891,543686,556012,404724,1876014,2506101,2451023,4622,4609,4408,321013
BHARATPUR REGION,405891,543686,556012,404724,1876014,2506101,2451023,4622,4609,4408,321014
BHARATPUR REGION,405891,543686,556012,404724,1876014,2506101,2451023,4622,4609,4408,321015
BHARATPUR REGION,405891,543686,556012,404724,1876014,2506101,2451023,4622,4609,4408,321016
BHARATPUR REGION,405891,543686,556012,404724,1876014,2506101,2451023,4622,4609,4408,321017
BHARATPUR REGION,405891,543686,556012,404724,1876014,2506101,2451023,4622,4609,4408,321018
BHARATPUR REGION,405891,543686,556012,404724,1876014,2506101,2451023,4622,4609,4408,321019
BHARATPUR REGION,405891,543686,556012,404724,1876014,2506101,2451023,4622,4609,4408,321020
BHARATPUR REGION,405891,543686,556012,404724,1876014,2506101,2451023,4622,4609,4408,321021
BHARATPUR REGION,405891,543686,556012,404724,1876014,2506101,2451023,4622,4609,4408,321022
BHARATPUR REGION,405891,543686,556012,404724,1876014,2506101,2451023,4622,4609,4408,321023
BHARATPUR REGION,405891,543686,556012,404724,1876014,2506101,2451023,4622,4609,4408,321024
BHARATPUR REGION,405891,543686,556012,404724,1876014,2506101,2451023,4622,4609,4408,321025
BHARATPUR REGION,405891,543686,556012,404724,1876014,2506101,2451023,4622,4609,4408,321026
BHARATPUR REGION,405891,543686,556012,404724,1876014,2506101,2451023,4622,4609,4408,321201
BHARATPUR REGION,405891,543686,556012,404724,1876014,2506101,2451023,4622,4609,4408,321202
BHARATPUR REGION,405891,543686,556012,404724,1876014,2506101,2451023,4622,4609,4408,321203
BHARATPUR REGION,405891,543686,556012,404724,1876014,2506101,2451023,4622,4609,4408,321204
BHARATPUR REGION,405891,543686,556012,404724,1876014,2506101,2451023,4622,4609,4408,321205
BHARATPUR REGION,405891,543686,556012,404724,1876014,2506101,2451023,4622,4609,4408,321206
BHARATPUR REGION,405891,543686,556012,404724,1876014,2506101,2451023,4622,4609,4408,321207
BHARATPUR REGION,405891,543686,556012,404724,1876014,2506101,2451023,4622,4609,4408,321208
BHARATPUR REGION,405891,543686,556012,404724,1876014,2506101,2451023,4622,4609,4408,321209
BHARATPUR REGION,405891,543686,556012,404724,1876014,2506101,2451023,4622,4609,4408,321210
BHARATPUR REGION,405891,543686,556012,404724,1876014,2506101,2451023,4622,4609,4408,321211
BHARATPUR REGION,405891,543686,556012,404724,1876014,2506101,2451023,4622,4609,4408,321212
BHARATPUR REGION,405891,543686,556012,404724,1876014,2506101,2451023,4622,4609,4408,321213
BHARATPUR REGION,405891,543686,556012,404724,1876014,2506101,2451023,4622,4609,4408,321214
BHARATPUR REGION,405891,543686,556012,404724,1876014,2506101,2451023,4622,4609,4408,321215
BHARATPUR REGION,405891,543686,556012,404724,1876014,2506101,2451023,4622,4609,4408,321216
BHARATPUR REGION,405891,543686,556012,404724,1876014,2506101,2451023,4622,4609,4408,321217
BHARATPUR REGION,405891,543686,556012,404724,1876014,2506101,2451023,4622,4609,4408,321218
BHARATPUR REGION,405891,543686,556012,404724,1876014,2506101,2451023,4622,4609,4408,321219
BHARATPUR REGION,405891,543686,556012,404724,1876014,2506101,2451023,4622,4609,4408,321220
BHARATPUR REGION,405891,543686,556012,404724,1876014,2506101,2451023,4622,4609,4408,321221
BHARATPUR REGION,405891,543686,556012,404724,1876014,2506101,2451023,4622,4609,4408,321222
BHARATPUR REGION,405891,543686,556012,404724,1876014,2506101,2451023,4622,4609,4408,321223
BHARATPUR REGION,405891,543686,556012,404724,1876014,2506101,2451023,4622,4609,4408,321224
BHARATPUR REGION,405891,543686,556012,404724,1876014,2506101,2451023,4622,4609,4408,321225
BHARATPUR REGION,405891,543686,556012,404724,1876014,2506101,2451023,4622,4609,4408,321226
BHARATPUR REGION,405891,543686,556012,404724,1876014,2506101,2451023,4622,4609,4408,321401
BHARATPUR REGION,405891,543686,556012,404724,1876014,2506101,2451023,4622,4609,4408,321402
BHARATPUR REGION,405891,543686,556012,404724,1876014,2506101,2451023,4622,4609,4408,321403
BHARATPUR REGION,405891,543686,556012,404724,1876014,2506101,2451023,4622,4609,4408,321404
BHARATPUR REGION,405891,543686,556012,404724,1876014,2506101,2451023,4622,4609,4408,321405
BHARATPUR REGION,405891,543686,556012,404724,1876014,2506101,2451023,4622,4609,4408,321406
BHARATPUR REGION,405891,543686,556012,404724,1876014,2506101,2451023,4622,4609,4408,321407
BHARATPUR REGION,405891,543686,556012,404724,1876014,2506101,2451023,4622,4609,4408,321408
BHARATPUR REGION,405891,543686,556012,404724,1876014,2506101,2451023,4622,4609,4408,321409
BHARATPUR REGION,405891,543686,556012,404724,1876014,2506101,2451023,4622,4609,4408,321410
BHARATPUR REGION,405891,543686,556012,404724,1876014,2506101,2451023,4622,4609,4408,321411
BHARATPUR REGION,405891,543686,556012,404724,1876014,2506101,2451023,4622,4609,4408,321412
BHARATPUR REGION,405891,543686,556012,404724,1876014,2506101,2451023,4622,4609,4408,321413
BHARATPUR REGION,405891,543686,556012,404724,1876014,2506101,2451023,4622,4609,4408,321414
BHARATPUR REGION,405891,543686,556012,404724,1876014,2506101,2451023,4622,4609,4408,321415
BHARATPUR REGION,405891,543686,556012,404724,1876014,2506101,2451023,4622,4609,4408,321416
BHARATPUR REGION,405891,543686,556012,404724,1876014,2506101,2451023,4622,4609,4408,321417
BHARATPUR REGION,405891,543686,556012,404724,1876014,2506101,2451023,4622,4609,4408,321418
BHARATPUR REGION,405891,543686,556012,404724,1876014,2506101,2451023,4622,4609,4408,321419
BHARATPUR REGION,405891,543686,556012,404724,1876014,2506101,2451023,4622,4609,4408,321420
BHARATPUR REGION,405891,543686,556012,404724,1876014,2506101,2451023,4622,4609,4408,321421
BHARATPUR REGION,405891,543686,556012,404724,1876014,2506101,2451023,4622,4609,4408,321422
BHARATPUR REGION,405891,543686,556012,404724,1876014,2506101,2451023,4622,4609,4408,321423
BHARATPUR REGION,405891,543686,556012,404724,1876014,2506101,2451023,4622,4609,4408,321424
BHARATPUR REGION,405891,543686,556012,404724,1876014,2506101,2451023,4622,4609,4408,321425
BHARATPUR REGION,405891,543686,556012,404724,1876014,2506101,2451023,4622,4609,4408,321426
Bikaner,103903,114379,113172,103866,280645,292603,297950,2701,2558,2633,334001
Churu,36656,37809,36490,36500,92175,80490,79238,2515,2129,2171,331001
Jaisalmer,7574,7859,8836,6861,11002,7521,13273,1453,957,1502,345001
BIKANER REGION,148133,160047,158498,147227,383822,380614,390461,2591,2378,2464,331801
BIKANER REGION,148133,160047,158498,147227,383822,380614,390461,2591,2378,2464,334002
BIKANER REGION,148133,160047,158498,147227,383822,380614,390461,2591,2378,2464,334003
BIKANER REGION,148133,160047,158498,147227,383822,380614,390461,2591,2378,2464,334004
BIKANER REGION,148133,160047,158498,147227,383822,380614,390461,2591,2378,2464,334005
BIKANER REGION,148133,160047,158498,147227,383822,380614,390461,2591,2378,2464,334006
BIKANER REGION,148133,160047,158498,147227,383822,380614,390461,2591,2378,2464,334007
BIKANER REGION,148133,160047,158498,147227,383822,380614,390461,2591,2378,2464,334008
BIKANER REGION,148133,160047,158498,147227,383822,380614,390461,2591,2378,2464,334009
BIKANER REGION,148133,160047,158498,147227,383822,380614,390461,2591,2378,2464,334010
BIKANER REGION,148133,160047,158498,147227,383822,380614,390461,2591,2378,2464,334021
BIKANER REGION,148133,160047,158498,147227,383822,380614,390461,2591,2378,2464,334022
BIKANER REGION,148133,160047,158498,147227,383822,380614,390461,2591,2378,2464,334023
BIKANER REGION,148133,160047,158498,147227,383822,380614,390461,2591,2378,2464,334024
BIKANER REGION,148133,160047,158498,147227,383822,380614,390461,2591,2378,2464,334025
BIKANER REGION,148133,160047,158498,147227,383822,380614,390461,2591,2378,2464,334026
BIKANER REGION,148133,160047,158498,147227,383822,380614,390461,2591,2378,2464,334027
BIKANER REGION,148133,160047,158498,147227,383822,380614,390461,2591,2378,2464,334028
BIKANER REGION,148133,160047,158498,147227,383822,380614,390461,2591,2378,2464,334029
BIKANER REGION,148133,160047,158498,147227,383822,380614,390461,2591,2378,2464,334030
BIKANER REGION,148133,160047,158498,147227,383822,380614,390461,2591,2378,2464,334031
BIKANER REGION,148133,160047,158498,147227,383822,380614,390461,2591,2378,2464,334032
BIKANER REGION,148133,160047,158498,147227,383822,380614,390461,2591,2378,2464,334033
BIKANER REGION,148133,160047,158498,147227,383822,380614,390461,2591,2378,2464,334034
BIKANER REGION,148133,160047,158498,147227,383822,380614,390461,2591,2378,2464,334035
BIKANER REGION,148133,160047,158498,147227,383822,380614,390461,2591,2378,2464,334036
BIKANER REGION,148133,160047,158498,147227,383822,380614,390461,2591,2378,2464,334037
BIKANER REGION,148133,160047,158498,147227,383822,380614,390461,2591,2378,2464,334038
BIKANER REGION,148133,160047,158498,147227,383822,380614,390461,2591,2378,2464,334039
BIKANER REGION,148133,160047,158498,147227,383822,380614,390461,2591,2378,2464,334402
BIKANER REGION,148133,160047,158498,147227,383822,380614,390461,2591,2378,2464,334604
BIKANER REGION,148133,160047,158498,147227,383822,380614,390461,2591,2378,2464,334802
BIKANER REGION,148133,160047,158498,147227,383822,380614,390461,2591,2378,2464,334804
Ganganagar,199197,265812,264656,199067,859345,1167584,1127138,4314,4393,4259,335001
Hanumangarh,205773,247470,248222,202478,854844,1065445,1108525,4154,4305,4466,335512
G.NAGAR REGION,404970,513282,512878,401545,1714189,2233029,2235663,4233,4350,4359,335002
G.NAGAR REGION,404970,513282,512878,401545,1714189,2233029,2235663,4233,4350,4359,335003
G.NAGAR REGION,404970,513282,512878,401545,1714189,2233029,2235663,4233,4350,4359,335004
G.NAGAR REGION,404970,513282,512878,401545,1714189,2233029,2235663,4233,4350,4359,335005
G.NAGAR REGION,404970,513282,512878,401545,1714189,2233029,2235663,4233,4350,4359,335006
G.NAGAR REGION,404970,513282,512878,401545,1714189,2233029,2235663,4233,4350,4359,335007
G.NAGAR REGION,404970,513282,512878,401545,1714189,2233029,2235663,4233,4350,4359,335008
G.NAGAR REGION,404970,513282,512878,401545,1714189,2233029,2235663,4233,4350,4359,335009
G.NAGAR REGION,404970,513282,512878,401545,1714189,2233029,2235663,4233,4350,4359,335010
G.NAGAR REGION,404970,513282,512878,401545,1714189,2233029,2235663,4233,4350,4359,335011
G.NAGAR REGION,404970,513282,512878,401545,1714189,2233029,2235663,4233,4350,4359,335012
G.NAGAR REGION,404970,513282,512878,401545,1714189,2233029,2235663,4233,4350,4359,335013
G.NAGAR REGION,404970,513282,512878,401545,1714189,2233029,2235663,4233,4350,4359,335014
Jodhpur,67736,83065,73156,67694,164739,204936,177906,2432,2467,2432,342001
Barmer,11610,14237,15980,11552,17766,22538,25063,1530,1583,1568,344001
JODHPUR REGION,79346,97302,89136,79246,182505,227474,202969,2300,2338,2277,342001
JODHPUR REGION,79346,97302,89136,79246,182505,227474,202969,2300,2338,2277,342002
JODHPUR REGION,79346,97302,89136,79246,182505,227474,202969,2300,2338,2277,342003
JODHPUR REGION,79346,97302,89136,79246,182505,227474,202969,2300,2338,2277,342004
JODHPUR REGION,79346,97302,89136,79246,182505,227474,202969,2300,2338,2277,342005
JODHPUR REGION,79346,97302,89136,79246,182505,227474,202969,2300,2338,2277,342006
JODHPUR REGION,79346,97302,89136,79246,182505,227474,202969,2300,2338,2277,342007
JODHPUR REGION,79346,97302,89136,79246,182505,227474,202969,2300,2338,2277,342008
JODHPUR REGION,79346,97302,89136,79246,182505,227474,202969,2300,2338,2277,342009
JODHPUR REGION,79346,97302,89136,79246,182505,227474,202969,2300,2338,2277,342010
JODHPUR REGION,79346,97302,89136,79246,182505,227474,202969,2300,2338,2277,342011
JODHPUR REGION,79346,97302,89136,79246,182505,227474,202969,2300,2338,2277,342012
JODHPUR REGION,79346,97302,89136,79246,182505,227474,202969,2300,2338,2277,342013
JODHPUR REGION,79346,97302,89136,79246,182505,227474,202969,2300,2338,2277,342014
JODHPUR REGION,79346,97302,89136,79246,182505,227474,202969,2300,2338,2277,342015
JODHPUR REGION,79346,97302,89136,79246,182505,227474,202969,2300,2338,2277,342016
JODHPUR REGION,79346,97302,89136,79246,182505,227474,202969,2300,2338,2277,342017
JODHPUR REGION,79346,97302,89136,79246,182505,227474,202969,2300,2338,2277,342018
JODHPUR REGION,79346,97302,89136,79246,182505,227474,202969,2300,2338,2277,342019
JODHPUR REGION,79346,97302,89136,79246,182505,227474,202969,2300,2338,2277,342020
JODHPUR REGION,79346,97302,89136,79246,182505,227474,202969,2300,2338,2277,342021
JODHPUR REGION,79346,97302,89136,79246,182505,227474,202969,2300,2338,2277,342022
JODHPUR REGION,79346,97302,89136,79246,182505,227474,202969,2300,2338,2277,342023
JODHPUR REGION,79346,97302,89136,79246,182505,227474,202969,2300,2338,2277,342024
JODHPUR REGION,79346,97302,89136,79246,182505,227474,202969,2300,2338,2277,342025
JODHPUR REGION,79346,97302,89136,79246,182505,227474,202969,2300,2338,2277,342026
JODHPUR REGION,79346,97302,89136,79246,182505,227474,202969,2300,2338,2277,342027
JODHPUR REGION,79346,97302,89136,79246,182505,227474,202969,2300,2338,2277,342028
JODHPUR REGION,79346,97302,89136,79246,182505,227474,202969,2300,2338,2277,342029
JODHPUR REGION,79346,97302,89136,79246,182505,227474,202969,2300,2338,2277,342030
JODHPUR REGION,79346,97302,89136,79246,182505,227474,202969,2300,2338,2277,342031
JODHPUR REGION,79346,97302,89136,79246,182505,227474,202969,2300,2338,2277,342032
JODHPUR REGION,79346,97302,89136,79246,182505,227474,202969,2300,2338,2277,342033
JODHPUR REGION,79346,97302,89136,79246,182505,227474,202969,2300,2338,2277,342034
JODHPUR REGION,79346,97302,89136,79246,182505,227474,202969,2300,2338,2277,342035
JODHPUR REGION,79346,97302,89136,79246,182505,227474,202969,2300,2338,2277,342036
JODHPUR REGION,79346,97302,89136,79246,182505,227474,202969,2300,2338,2277,342037
JODHPUR REGION,79346,97302,89136,79246,182505,227474,202969,2300,2338,2277,342038
JODHPUR REGION,79346,97302,89136,79246,182505,227474,202969,2300,2338,2277,342039
JODHPUR REGION,79346,97302,89136,79246,182505,227474,202969,2300,2338,2277,342040
JODHPUR REGION,79346,97302,89136,79246,182505,227474,202969,2300,2338,2277,342041
JODHPUR REGION,79346,97302,89136,79246,182505,227474,202969,2300,2338,2277,342042
JODHPUR REGION,79346,97302,89136,79246,182505,227474,202969,2300,2338,2277,342043
JODHPUR REGION,79346,97302,89136,79246,182505,227474,202969,2300,2338,2277,342044
JODHPUR REGION,79346,97302,89136,79246,182505,227474,202969,2300,2338,2277,342045
JODHPUR REGION,79346,97302,89136,79246,182505,227474,202969,2300,2338,2277,342046
JODHPUR REGION,79346,97302,89136,79246,182505,227474,202969,2300,2338,2277,342047
JODHPUR REGION,79346,97302,89136,79246,182505,227474,202969,2300,2338,2277,342048
JODHPUR REGION,79346,97302,89136,79246,182505,227474,202969,2300,2338,2277,342049
JODHPUR REGION,79346,97302,89136,79246,182505,227474,202969,2300,2338,2277,342050
JODHPUR REGION,79346,97302,89136,79246,182505,227474,202969,2300,2338,2277,342051
JODHPUR REGION,79346,97302,89136,79246,182505,227474,202969,2300,2338,2277,342052
JODHPUR REGION,79346,97302,89136,79246,182505,227474,202969,2300,2338,2277,342053
JODHPUR REGION,79346,97302,89136,79246,182505,227474,202969,2300,2338,2277,342054
JODHPUR REGION,79346,97302,89136,79246,182505,227474,202969,2300,2338,2277,342055
JODHPUR REGION,79346,97302,89136,79246,182505,227474,202969,2300,2338,2277,342056
JODHPUR REGION,79346,97302,89136,79246,182505,227474,202969,2300,2338,2277,342057
JODHPUR REGION,79346,97302,89136,79246,182505,227474,202969,2300,2338,2277,342058
JODHPUR REGION,79346,97302,89136,79246,182505,227474,202969,2300,2338,2277,342059
JODHPUR REGION,79346,97302,89136,79246,182505,227474,202969,2300,2338,2277,342060
JODHPUR REGION,79346,97302,89136,79246,182505,227474,202969,2300,2338,2277,342061
JODHPUR REGION,79346,97302,89136,79246,182505,227474,202969,2300,2338,2277,342062
JODHPUR REGION,79346,97302,89136,79246,182505,227474,202969,2300,2338,2277,342063
JODHPUR REGION,79346,97302,89136,79246,182505,227474,202969,2300,2338,2277,342064
JODHPUR REGION,79346,97302,89136,79246,182505,227474,202969,2300,2338,2277,342065
JODHPUR REGION,79346,97302,89136,79246,182505,227474,202969,2300,2338,2277,342066
JODHPUR REGION,79346,97302,89136,79246,182505,227474,202969,2300,2338,2277,342067
JODHPUR REGION,79346,97302,89136,79246,182505,227474,202969,2300,2338,2277,342068
JODHPUR REGION,79346,97302,89136,79246,182505,227474,202969,2300,2338,2277,342069
JODHPUR REGION,79346,97302,89136,79246,182505,227474,202969,2300,2338,2277,342070
JODHPUR REGION,79346,97302,89136,79246,182505,227474,202969,2300,2338,2277,342071
JODHPUR REGION,79346,97302,89136,79246,182505,227474,202969,2300,2338,2277,342072
JODHPUR REGION,79346,97302,89136,79246,182505,227474,202969,2300,2338,2277,342073
JODHPUR REGION,79346,97302,89136,79246,182505,227474,202969,2300,2338,2277,342074
JODHPUR REGION,79346,97302,89136,79246,182505,227474,202969,2300,2338,2277,342075
JODHPUR REGION,79346,97302,89136,79246,182505,227474,202969,2300,2338,2277,342076
JODHPUR REGION,79346,97302,89136,79246,182505,227474,202969,2300,2338,2277,342077
JODHPUR REGION,79346,97302,89136,79246,182505,227474,202969,2300,2338,2277,342078
JODHPUR REGION,79346,97302,89136,79246,182505,227474,202969,2300,2338,2277,342079
JODHPUR REGION,79346,97302,89136,79246,182505,227474,202969,2300,2338,2277,342080
JODHPUR REGION,79346,97302,89136,79246,182505,227474,202969,2300,2338,2277,342081
JODHPUR REGION,79346,97302,89136,79246,182505,227474,202969,2300,2338,2277,342082
JODHPUR REGION,79346,97302,89136,79246,182505,227474,202969,2300,2338,2277,342083
JODHPUR REGION,79346,97302,89136,79246,182505,227474,202969,2300,2338,2277,342084
JODHPUR REGION,79346,97302,89136,79246,182505,227474,202969,2300,2338,2277,342085
JODHPUR REGION,79346,97302,89136,79246,182505,227474,202969,2300,2338,2277,342086
JODHPUR REGION,79346,97302,89136,79246,182505,227474,202969,2300,2338,2277,342087
JODHPUR REGION,79346,97302,89136,79246,182505,227474,202969,2300,2338,2277,342088
JODHPUR REGION,79346,97302,89136,79246,182505,227474,202969,2300,2338,2277,342089
JODHPUR REGION,79346,97302,89136,79246,182505,227474,202969,2300,2338,2277,342090
JODHPUR REGION,79346,97302,89136,79246,182505,227474,202969,2300,2338,2277,342091
JODHPUR REGION,79346,97302,89136,79246,182505,227474,202969,2300,2338,2277,342092
JODHPUR REGION,79346,97302,89136,79246,182505,227474,202969,2300,2338,2277,342093
JODHPUR REGION,79346,97302,89136,79246,182505,227474,202969,2300,2338,2277,342094
JODHPUR REGION,79346,97302,89136,79246,182505,227474,202969,2300,2338,2277,342095
JODHPUR REGION,79346,97302,89136,79246,182505,227474,202969,2300,2338,2277,342096
JODHPUR REGION,79346,97302,89136,79246,182505,227474,202969,2300,2338,2277,342097
JODHPUR REGION,79346,97302,89136,79246,182505,227474,202969,2300,2338,2277,342098
JODHPUR REGION,79346,97302,89136,79246,182505,227474,202969,2300,2338,2277,342099
JODHPUR REGION,79346,97302,89136,79246,182505,227474,202969,2300,2338,2277,342100
Jalore,34484,47158,48382,34436,83615,110312,106501,2425,2339,2201,343001
Pali,44347,77285,80483,44020,134801,246572,230397,3040,3190,2863,306401
Sirohi,29265,35340,31577,29257,93009,124290,98871,3178,3517,3131,307001
JALORE REGION,108096,159783,160442,107713,311425,481174,435769,2881,3011,2716,343001
JALORE REGION,108096,159783,160442,107713,311425,481174,435769,2881,3011,2716,343002
JALORE REGION,108096,159783,160442,107713,311425,481174,435769,2881,3011,2716,343003
JALORE REGION,108096,159783,160442,107713,311425,481174,435769,2881,3011,2716,343004
JALORE REGION,108096,159783,160442,107713,311425,481174,435769,2881,3011,2716,343005
JALORE REGION,108096,159783,160442,107713,311425,481174,435769,2881,3011,2716,343006
JALORE REGION,108096,159783,160442,107713,311425,481174,435769,2881,3011,2716,343007
JALORE REGION,108096,159783,160442,107713,311425,481174,435769,2881,3011,2716,343008
JALORE REGION,108096,159783,160442,107713,311425,481174,435769,2881,3011,2716,343009
JALORE REGION,108096,159783,160442,107713,311425,481174,435769,2881,3011,2716,343010
JALORE REGION,108096,159783,160442,107713,311425,481174,435769,2881,3011,2716,343011
JALORE REGION,108096,159783,160442,107713,311425,481174,435769,2881,3011,2716,343012
JALORE REGION,108096,159783,160442,107713,311425,481174,435769,2881,3011,2716,343013
JALORE REGION,108096,159783,160442,107713,311425,481174,435769,2881,3011,2716,343014
JALORE REGION,108096,159783,160442,107713,311425,481174,435769,2881,3011,2716,343015
Kota,108964,138217,141844,108964,523091,604674,624482,4801,4375,4403,324001
Baran,124484,153218,151974,124484,591306,686769,714088,4750,4482,4699,325205
Bundi,149985,157202,157660,149983,694044,731862,705148,4627,4656,4473,323001
Jhalawar,137321,120032,118633,137321,602774,513457,484563,4390,4278,4085,326001
KOTA REGION,520754,568669,570111,520752,2411215,2536762,2528281,4630,4461,4435,324002
KOTA REGION,520754,568669,570111,520752,2411215,2536762,2528281,4630,4461,4435,324003
KOTA REGION,520754,568669,570111,520752,2411215,2536762,2528281,4630,4461,4435,324004
KOTA REGION,520754,568669,570111,520752,2411215,2536762,2528281,4630,4461,4435,324005
KOTA REGION,520754,568669,570111,520752,2411215,2536762,2528281,4630,4461,4435,324006
KOTA REGION,520754,568669,570111,520752,2411215,2536762,2528281,4630,4461,4435,324007
KOTA REGION,520754,568669,570111,520752,2411215,2536762,2528281,4630,4461,4435,324008
KOTA REGION,520754,568669,570111,520752,2411215,2536762,2528281,4630,4461,4435,324009
KOTA REGION,520754,568669,570111,520752,2411215,2536762,2528281,4630,4461,4435,324010
KOTA REGION,520754,568669,570111,520752,2411215,2536762,2528281,4630,4461,4435,324011
KOTA REGION,520754,568669,570111,520752,2411215,2536762,2528281,4630,4461,4435,324012
KOTA REGION,520754,568669,570111,520752,2411215,2536762,2528281,4630,4461,4435,324013
KOTA REGION,520754,568669,570111,520752,2411215,2536762,2528281,4630,4461,4435,325001
KOTA REGION,520754,568669,570111,520752,2411215,2536762,2528281,4630,4461,4435,325002
KOTA REGION,520754,568669,570111,520752,2411215,2536762,2528281,4630,4461,4435,325003
KOTA REGION,520754,568669,570111,520752,2411215,2536762,2528281,4630,4461,4435,325004
KOTA REGION,520754,568669,570111,520752,2411215,2536762,2528281,4630,4461,4435,325005
KOTA REGION,520754,568669,570111,520752,2411215,2536762,2528281,4630,4461,4435,325006
KOTA REGION,520754,568669,570111,520752,2411215,2536762,2528281,4630,4461,4435,325007
KOTA REGION,520754,568669,570111,520752,2411215,2536762,2528281,4630,4461,4435,325008
Banswara,124214,111783,98674,123778,326052,296882,244455,2625,2656,2477,327001
Dungarpur,66396,57948,52229,64819,151554,131088,117251,2283,2262,2245,314001
Udaipur,103621,86878,81243,103437,262358,223418,236903,2532,2572,2916,313001
Pratapgarh,100279,79376,73308,100184,415632,311792,283136,4145,3928,3862,312605
UDAIPUR REGION,394510,335985,305454,392218,1155596,963180,881745,2929,2867,2887,313002
UDAIPUR REGION,394510,335985,305454,392218,1155596,963180,881745,2929,2867,2887,313003
UDAIPUR REGION,394510,335985,305454,392218,1155596,963180,881745,2929,2867,2887,313004
UDAIPUR REGION,394510,335985,305454,392218,1155596,963180,881745,2929,2867,2887,313005
UDAIPUR REGION,394510,335985,305454,392218,1155596,963180,881745,2929,2867,2887,313006
UDAIPUR REGION,394510,335985,305454,392218,1155596,963180,881745,2929,2867,2887,313007
UDAIPUR REGION,394510,335985,305454,392218,1155596,963180,881745,2929,2867,2887,313008
UDAIPUR REGION,394510,335985,305454,392218,1155596,963180,881745,2929,2867,2887,313009
UDAIPUR REGION,394510,335985,305454,392218,1155596,963180,881745,2929,2867,2887,313010
UDAIPUR REGION,394510,335985,305454,392218,1155596,963180,881745,2929,2867,2887,313011
UDAIPUR REGION,394510,335985,305454,392218,1155596,963180,881745,2929,2867,2887,313012
UDAIPUR REGION,394510,335985,305454,392218,1155596,963180,881745,2929,2867,2887,313013
UDAIPUR REGION,394510,335985,305454,392218,1155596,963180,881745,2929,2867,2887,313014
UDAIPUR REGION,394510,335985,305454,392218,1155596,963180,881745,2929,2867,2887,313015
UDAIPUR REGION,394510,335985,305454,392218,1155596,963180,881745,2929,2867,2887,313016
UDAIPUR REGION,394510,335985,305454,392218,1155596,963180,881745,2929,2867,2887,313017
UDAIPUR REGION,394510,335985,305454,392218,1155596,963180,881745,2929,2867,2887,313018
UDAIPUR REGION,394510,335985,305454,392218,1155596,963180,881745,2929,2867,2887,313019
UDAIPUR REGION,394510,335985,305454,392218,1155596,963180,881745,2929,2867,2887,313020
UDAIPUR REGION,394510,335985,305454,392218,1155596,963180,881745,2929,2867,2887,313021
UDAIPUR REGION,394510,335985,305454,392218,1155596,963180,881745,2929,2867,2887,313022
UDAIPUR REGION,394510,335985,305454,392218,1155596,963180,881745,2929,2867,2887,313023
UDAIPUR REGION,394510,335985,305454,392218,1155596,963180,881745,2929,2867,2887,313024
UDAIPUR REGION,394510,335985,305454,392218,1155596,963180,881745,2929,2867,2887,313025
UDAIPUR REGION,394510,335985,305454,392218,1155596,963180,881745,2929,2867,2887,313026
UDAIPUR REGION,394510,335985,305454,392218,1155596,963180,881745,2929,2867,2887,313027
UDAIPUR REGION,394510,335985,305454,392218,1155596,963180,881745,2929,2867,2887,313028
UDAIPUR REGION,394510,335985,305454,392218,1155596,963180,881745,2929,2867,2887,313029
UDAIPUR REGION,394510,335985,305454,392218,1155596,963180,881745,2929,2867,2887,313030
UDAIPUR REGION,394510,335985,305454,392218,1155596,963180,881745,2929,2867,2887,313031
UDAIPUR REGION,394510,335985,305454,392218,1155596,963180,881745,2929,2867,2887,313032
UDAIPUR REGION,394510,335985,305454,392218,1155596,963180,881745,2929,2867,2887,313033
UDAIPUR REGION,394510,335985,305454,392218,1155596,963180,881745,2929,2867,2887,313034
UDAIPUR REGION,394510,335985,305454,392218,1155596,963180,881745,2929,2867,2887,313035
UDAIPUR REGION,394510,335985,305454,392218,1155596,963180,881745,2929,2867,2887,313036
UDAIPUR REGION,394510,335985,305454,392218,1155596,963180,881745,2929,2867,2887,313037
UDAIPUR REGION,394510,335985,305454,392218,1155596,963180,881745,2929,2867,2887,313038
UDAIPUR REGION,394510,335985,305454,392218,1155596,963180,881745,2929,2867,2887,313039
UDAIPUR REGION,394510,335985,305454,392218,1155596,963180,881745,2929,2867,2887,313040
UDAIPUR REGION,394510,335985,305454,392218,1155596,963180,881745,2929,2867,2887,313041
UDAIPUR REGION,394510,335985,305454,392218,1155596,963180,881745,2929,2867,2887,313042
UDAIPUR REGION,394510,335985,305454,392218,1155596,963180,881745,2929,2867,2887,313043
UDAIPUR REGION,394510,335985,305454,392218,1155596,963180,881745,2929,2867,2887,313044
UDAIPUR REGION,394510,335985,305454,392218,1155596,963180,881745,2929,2867,2887,313045
UDAIPUR REGION,394510,335985,305454,392218,1155596,963180,881745,2929,2867,2887,313046
UDAIPUR REGION,394510,335985,305454,392218,1155596,963180,881745,2929,2867,2887,313047
UDAIPUR REGION,394510,335985,305454,392218,1155596,963180,881745,2929,2867,2887,313048
UDAIPUR REGION,394510,335985,305454,392218,1155596,963180,881745,2929,2867,2887,313049
UDAIPUR REGION,394510,335985,305454,392218,1155596,963180,881745,2929,2867,2887,313050
UDAIPUR REGION,394510,335985,305454,392218,1155596,963180,881745,2929,2867,2887,313051
UDAIPUR REGION,394510,335985,305454,392218,1155596,963180,881745,2929,2867,2887,313052
UDAIPUR REGION,394510,335985,305454,392218,1155596,963180,881745,2929,2867,2887,313053
UDAIPUR REGION,394510,335985,305454,392218,1155596,963180,881745,2929,2867,2887,313054
UDAIPUR REGION,394510,335985,305454,392218,1155596,963180,881745,2929,2867,2887,313055
UDAIPUR REGION,394510,335985,305454,392218,1155596,963180,881745,2929,2867,2887,313056
Bhilwara,123985,127868,121551,123600,491265,529587,462310,3962,4142,3803,311001
Chittore,137587,148391,155781,137562,632656,657947,674390,4598,4434,4329,312001
Rajsamand,28741,33704,31219,28642,104198,137091,107008,3625,4067,3428,313324
BHILWARA REGION,290313,309963,308551,289804,1228119,1324625,1243708,4230,4273,4031,311002
BHILWARA REGION,290313,309963,308551,289804,1228119,1324625,1243708,4230,4273,4031,311003
BHILWARA REGION,290313,309963,308551,289804,1228119,1324625,1243708,4230,4273,4031,311004
BHILWARA REGION,290313,309963,308551,289804,1228119,1324625,1243708,4230,4273,4031,311005
BHILWARA REGION,290313,309963,308551,289804,1228119,1324625,1243708,4230,4273,4031,311006
BHILWARA REGION,290313,309963,308551,289804,1228119,1324625,1243708,4230,4273,4031,311007
BHILWARA REGION,290313,309963,308551,289804,1228119,1324625,1243708,4230,4273,4031,311008
BHILWARA REGION,290313,309963,308551,289804,1228119,1324625,1243708,4230,4273,4031,311009
BHILWARA REGION,290313,309963,308551,289804,1228119,1324625,1243708,4230,4273,4031,311010
BHILWARA REGION,290313,309963,308551,289804,1228119,1324625,1243708,4230,4273,4031,311011
BHILWARA REGION,290313,309963,308551,289804,1228119,1324625,1243708,4230,4273,4031,311012
BHILWARA REGION,290313,309963,308551,289804,1228119,1324625,1243708,4230,4273,4031,311013
BHILWARA REGION,290313,309963,308551,289804,1228119,1324625,1243708,4230,4273,4031,311014
BHILWARA REGION,290313,309963,308551,289804,1228119,1324625,1243708,4230,4273,4031,311015
BHILWARA REGION,290313,309963,308551,289804,1228119,1324625,1243708,4230,4273,4031,311016
BHILWARA REGION,290313,309963,308551,289804,1228119,1324625,1243708,4230,4273,4031,311017
BHILWARA REGION,290313,309963,308551,289804,1228119,1324625,1243708,4230,4273,4031,311018
BHILWARA REGION,290313,309963,308551,289804,1228119,1324625,1243708,4230,4273,4031,311019
BHILWARA REGION,290313,309963,308551,289804,1228119,1324625,1243708,4230,4273,4031,311020
BHILWARA REGION,290313,309963,308551,289804,1228119,1324625,1243708,4230,4273,4031,311021
BHILWARA REGION,290313,309963,308551,289804,1228119,1324625,1243708,4230,4273,4031,311022
BHILWARA REGION,290313,309963,308551,289804,1228119,1324625,1243708,4230,4273,4031,311023
BHILWARA REGION,290313,309963,308551,289804,1228119,1324625,1243708,4230,4273,4031,311024
BHILWARA REGION,290313,309963,308551,289804,1228119,1324625,1243708,4230,4273,4031,311025
BHILWARA REGION,290313,309963,308551,289804,1228119,1324625,1243708,4230,4273,4031,311026
BHILWARA REGION,290313,309963,308551,289804,1228119,1324625,1243708,4230,4273,4031,311027
BHILWARA REGION,290313,309963,308551,289804,1228119,1324625,1243708,4230,4273,4031,311028
BHILWARA REGION,290313,309963,308551,289804,1228119,1324625,1243708,4230,4273,4031,311029
BHILWARA REGION,290313,309963,308551,289804,1228119,1324625,1243708,4230,4273,4031,311301
BHILWARA REGION,290313,309963,308551,289804,1228119,1324625,1243708,4230,4273,4031,311302
BHILWARA REGION,290313,309963,308551,289804,1228119,1324625,1243708,4230,4273,4031,311801
BHILWARA REGION,290313,309963,308551,289804,1228119,1324625,1243708,4230,4273,4031,311802
BHILWARA REGION,290313,309963,308551,289804,1228119,1324625,1243708,4230,4273,4031,311803
BHILWARA REGION,290313,309963,308551,289804,1228119,1324625,1243708,4230,4273,4031,311804
BHILWARA REGION,290313,309963,308551,289804,1228119,1324625,1243708,4230,4273,4031,311805
BHILWARA REGION,290313,309963,308551,289804,1228119,1324625,1243708,4230,4273,4031,311806
BHILWARA REGION,290313,309963,308551,289804,1228119,1324625,1243708,4230,4273,4031,311807
BHILWARA REGION,290313,309963,308551,289804,1228119,1324625,1243708,4230,4273,4031,311808
BHILWARA REGION,290313,309963,308551,289804,1228119,1324625,1243708,4230,4273,4031,311809
BHILWARA REGION,290313,309963,308551,289804,1228119,1324625,1243708,4230,4273,4031,311810
BHILWARA REGION,290313,309963,308551,289804,1228119,1324625,1243708,4230,4273,4031,311811
BHILWARA REGION,290313,309963,308551,289804,1228119,1324625,1243708,4230,4273,4031,311812
BHILWARA REGION,290313,309963,308551,289804,1228119,1324625,1243708,4230,4273,4031,311813
BHILWARA REGION,290313,309963,308551,289804,1228119,1324625,1243708,4230,4273,4031,311814
BHILWARA REGION,290313,309963,308551,289804,1228119,1324625,1243708,4230,4273,4031,311815
BHILWARA REGION,290313,309963,308551,289804,1228119,1324625,1243708,4230,4273,4031,311816
BHILWARA REGION,290313,309963,308551,289804,1228119,1324625,1243708,4230,4273,4031,311817
BHILWARA REGION,290313,309963,308551,289804,1228119,1324625,1243708,4230,4273,4031,311818
BHILWARA REGION,290313,309963,308551,289804,1228119,1324625,1243708,4230,4273,4031,311819
BHILWARA REGION,290313,309963,308551,289804,1228119,1324625,1243708,4230,4273,4031,311820
BHILWARA REGION,290313,309963,308551,289804,1228119,1324625,1243708,4230,4273,4031,311821
BHILWARA REGION,290313,309963,308551,289804,1228119,1324625,1243708,4230,4273,4031,311822
BHILWARA REGION,290313,309963,308551,289804,1228119,1324625,1243708,4230,4273,4031,311823
BHILWARA REGION,290313,309963,308551,289804,1228119,1324625,1243708,4230,4273,4031,311824
BHILWARA REGION,290313,309963,308551,289804,1228119,1324625,1243708,4230,4273,4031,311825
BHILWARA REGION,290313,309963,308551,289804,1228119,1324625,1243708,4230,4273,4031,311826
BHILWARA REGION,290313,309963,308551,289804,1228119,1324625,1243708,4230,4273,4031,311827
BHILWARA REGION,290313,309963,308551,289804,1228119,1324625,1243708,4230,4273,4031,311828